receitas,despesas,saldo,perfil
6556.29,2185.77,4370.52,Econômico
13193.38,12242.28,951.09,Equilibrado
12737.98,9313.07,3424.91,Equilibrado
8584.21,2762.49,5821.72,Econômico
5443.95,7018.14,-1574.19,Gastador
8442.16,4665.01,3777.16,Equilibrado
2378.2,850.29,1527.91,Econômico
7442.06,8041.84,-599.78,Gastador
4993.53,948.05,4045.48,Econômico
3995.54,3578.99,416.55,Equilibrado
2110.57,2095.14,15.42,Equilibrado
6316.17,8419.37,-2103.2,Gastador
2506.43,1693.35,813.08,Equilibrado
2499.6,1430.52,1069.08,Equilibrado
5967.12,4910.5,1056.62,Equilibrado
10107.03,4872.01,5235.01,Equilibrado
11770.6,11908.02,-137.42,Gastador
7271.8,6286.42,985.38,Equilibrado
13752.15,15152.87,-1400.73,Gastador
2539.23,1633.76,905.47,Equilibrado
10050.95,7382.18,2668.77,Equilibrado
8781.12,5493.52,3287.6,Equilibrado
12543.2,442.01,12101.19,Econômico
6057.8,3591.49,2466.32,Equilibrado
6409.0,8107.09,-1698.09,Gastador
1997.97,578.49,1419.49,Econômico
13761.59,9619.32,4142.27,Equilibrado
4767.75,4008.86,758.88,Equilibrado
6465.07,4866.57,1598.5,Equilibrado
12776.58,7636.28,5140.31,Equilibrado
10647.12,9191.75,1455.37,Equilibrado
3853.95,804.07,3049.88,Econômico
6104.4,3053.68,3050.71,Equilibrado
8995.21,2000.3,6994.91,Econômico
13655.64,2045.08,11610.56,Econômico
13610.99,9856.14,3754.85,Equilibrado
3681.99,2185.67,1496.32,Equilibrado
10457.27,10934.22,-476.95,Gastador
11114.42,9935.24,1179.18,Equilibrado
12964.52,6809.3,6155.22,Equilibrado
5080.23,5265.96,-185.73,Gastador
8285.6,1750.37,6535.23,Econômico
5290.43,4246.31,1044.12,Equilibrado
14378.04,7223.89,7154.15,Equilibrado
7280.49,3109.18,4171.31,Equilibrado
5778.45,6848.55,-1070.1,Gastador
9195.83,9740.08,-544.26,Gastador
8497.45,5925.81,2571.64,Equilibrado
6353.13,7218.02,-864.89,Gastador
13828.75,8898.33,4930.42,Equilibrado
6062.93,5315.48,747.45,Equilibrado
7785.57,2623.84,5161.74,Econômico
2004.2,913.37,1090.83,Equilibrado
11894.91,10491.12,1403.8,Equilibrado
8673.29,4197.46,4475.83,Equilibrado
8470.05,9635.41,-1165.35,Gastador
2559.16,2992.81,-433.65,Gastador
3611.9,2633.18,978.72,Equilibrado
5279.11,3997.89,1281.22,Equilibrado
7164.6,5952.57,1212.03,Equilibrado
3066.98,1829.06,1237.93,Equilibrado
8136.81,9762.07,-1625.26,Gastador
9813.98,3772.53,6041.44,Econômico
8292.34,7720.46,571.88,Equilibrado
10172.66,7151.72,3020.94,Equilibrado
6740.29,9101.75,-2361.46,Gastador
14476.07,7897.71,6578.36,Equilibrado
1814.17,684.6,1129.57,Econômico
9990.73,6926.68,3064.05,Equilibrado
3895.43,3053.32,842.11,Equilibrado
6522.24,2004.21,4518.04,Econômico
7291.42,5489.38,1802.04,Equilibrado
8320.91,3133.62,5187.29,Econômico
1646.31,1444.84,201.46,Equilibrado
10029.8,2753.73,7276.07,Econômico
11657.06,8730.48,2926.58,Equilibrado
2277.04,2273.16,3.89,Equilibrado
2635.44,3100.32,-464.88,Gastador
14819.63,7836.07,6983.56,Equilibrado
14811.01,12330.29,2480.73,Equilibrado
9038.46,7028.73,2009.73,Equilibrado
2260.09,1489.59,770.5,Equilibrado
9375.48,9336.86,38.62,Equilibrado
4518.54,1950.4,2568.14,Equilibrado
8977.03,2713.34,6263.69,Econômico
7636.3,4846.1,2790.21,Equilibrado
5293.0,4416.32,876.69,Equilibrado
5244.65,7514.36,-2269.72,Gastador
2549.42,3184.49,-635.07,Gastador
10743.87,13221.17,-2477.3,Gastador
13191.86,15274.75,-2082.88,Gastador
14828.23,5445.77,9382.46,Econômico
12817.44,1893.95,10923.49,Econômico
13173.75,9721.68,3452.07,Equilibrado
12970.24,14431.1,-1460.86,Gastador
9844.73,7905.25,1939.48,Equilibrado
11926.3,5649.61,6276.69,Equilibrado
13334.82,11585.65,1749.17,Equilibrado
4375.02,6143.22,-1768.21,Gastador
13706.14,10112.29,3593.85,Equilibrado
9898.17,7676.95,2221.22,Equilibrado
7698.33,10916.37,-3218.03,Gastador
4741.97,5106.03,-364.06,Gastador
13606.64,15818.38,-2211.74,Gastador
2051.73,2295.26,-243.54,Gastador
3128.58,2340.73,787.85,Equilibrado
10820.33,2998.9,7821.43,Econômico
13293.31,14179.37,-886.06,Gastador
11601.51,9914.77,1686.73,Equilibrado
9846.44,1465.23,8381.21,Econômico
4907.9,3274.97,1632.93,Equilibrado
2946.82,4008.94,-1062.12,Gastador
6593.34,7446.46,-853.12,Gastador
3116.79,759.55,2357.24,Econômico
8228.97,3776.53,4452.44,Equilibrado
7327.4,8931.14,-1603.73,Gastador
9205.51,2850.89,6354.61,Econômico
2874.06,2831.29,42.77,Equilibrado
5348.78,2333.01,3015.78,Equilibrado
6871.05,2734.95,4136.1,Econômico
14046.58,11704.38,2342.19,Equilibrado
4025.09,4665.38,-640.29,Gastador
3050.3,516.15,2534.15,Econômico
7995.39,4278.93,3716.46,Equilibrado
2355.56,919.69,1435.87,Econômico
9541.12,1236.21,8304.92,Econômico
12713.36,9822.01,2891.35,Equilibrado
11505.13,11141.46,363.67,Equilibrado
4221.97,3167.25,1054.72,Equilibrado
8561.38,9056.91,-495.52,Gastador
7428.32,9811.1,-2382.78,Gastador
8286.73,7494.86,791.87,Equilibrado
13737.37,5572.22,8165.15,Equilibrado
6021.23,5814.16,207.07,Equilibrado
13567.55,6748.15,6819.4,Equilibrado
11543.27,10572.36,970.91,Equilibrado
6118.1,7095.91,-977.81,Gastador
11250.41,7211.7,4038.71,Equilibrado
4899.29,2720.46,2178.83,Equilibrado
6911.49,6481.66,429.84,Equilibrado
8329.5,5632.18,2697.31,Equilibrado
9129.3,7470.41,1658.89,Equilibrado
9279.89,1089.36,8190.53,Econômico
13995.17,6570.71,7424.46,Equilibrado
3182.95,3610.13,-427.19,Gastador
6025.16,6164.56,-139.4,Gastador
6175.67,7659.07,-1483.4,Gastador
7607.93,5769.85,1838.08,Equilibrado
13850.42,19441.32,-5590.9,Gastador
10457.75,2333.61,8124.15,Econômico
11624.47,9309.53,2314.93,Equilibrado
1993.42,2016.43,-23.01,Gastador
7619.4,10468.92,-2849.52,Gastador
3595.74,2960.88,634.86,Equilibrado
7017.91,2776.15,4241.76,Econômico
1865.8,657.75,1208.04,Econômico
2905.47,863.17,2042.3,Econômico
2842.46,805.03,2037.43,Econômico
6861.98,7283.12,-421.15,Gastador
1675.53,640.06,1035.47,Econômico
13551.07,10107.51,3443.56,Equilibrado
9468.98,8821.23,647.75,Equilibrado
7387.71,6765.31,622.39,Equilibrado
7240.38,4745.66,2494.72,Equilibrado
4981.48,2760.91,2220.57,Equilibrado
1748.27,1264.75,483.53,Equilibrado
8981.4,5130.17,3851.24,Equilibrado
3347.96,2749.6,598.36,Equilibrado
10478.0,10855.76,-377.76,Gastador
8505.39,6987.02,1518.37,Equilibrado
9642.55,10216.31,-573.75,Gastador
11207.12,9038.9,2168.22,Equilibrado
14147.2,15994.91,-1847.71,Gastador
8200.94,1148.19,7052.75,Econômico
2514.36,518.1,1996.26,Econômico
4826.43,2749.3,2077.13,Equilibrado
9468.11,12388.82,-2920.71,Gastador
13284.77,7126.95,6157.82,Equilibrado
12964.14,13348.79,-384.65,Gastador
2032.26,1645.02,387.24,Equilibrado
13859.09,12927.14,931.95,Equilibrado
7901.89,5923.14,1978.75,Equilibrado
1999.6,456.67,1542.93,Econômico
10899.9,13672.24,-2772.34,Gastador
8783.13,2894.45,5888.69,Econômico
9814.15,4996.22,4817.93,Equilibrado
14972.11,18036.27,-3064.16,Gastador
9971.32,3146.91,6824.41,Econômico
4723.49,4337.68,385.81,Equilibrado
4653.7,3136.99,1516.71,Equilibrado
4446.43,4287.98,158.45,Equilibrado
7809.92,6314.11,1495.81,Equilibrado
8421.29,8687.01,-265.71,Gastador
12024.39,3451.08,8573.31,Econômico
3577.59,2850.3,727.3,Equilibrado
9504.69,6826.56,2678.13,Equilibrado
14401.3,7118.14,7283.15,Equilibrado
2674.32,3558.36,-884.04,Gastador
8194.32,3018.31,5176.01,Econômico
12991.29,1523.96,11467.33,Econômico
6195.42,7156.82,-961.4,Gastador
12265.25,8109.49,4155.76,Equilibrado
10681.9,11455.86,-773.96,Gastador
13269.89,12311.3,958.58,Equilibrado
11537.36,7807.28,3730.08,Equilibrado
1586.21,1279.11,307.1,Equilibrado
5007.35,2104.39,2902.96,Equilibrado
11773.88,9866.77,1907.1,Equilibrado
14082.38,10961.43,3120.95,Equilibrado
5563.01,4587.19,975.81,Equilibrado
9882.36,4377.18,5505.18,Equilibrado
1798.67,510.07,1288.6,Econômico
7519.69,8451.65,-931.96,Gastador
10864.71,6839.59,4025.12,Equilibrado
5189.0,3322.23,1866.77,Equilibrado
7166.32,4151.93,3014.39,Equilibrado
13570.34,9977.53,3592.81,Equilibrado
6475.11,2960.06,3515.05,Equilibrado
13226.41,9871.73,3354.68,Equilibrado
9953.97,6151.08,3802.89,Equilibrado
3083.66,3316.89,-233.23,Gastador
8136.53,8094.85,41.68,Equilibrado
5689.89,3836.16,1853.73,Equilibrado
7979.17,1287.92,6691.25,Econômico
12027.99,11058.81,969.18,Equilibrado
14819.95,16524.08,-1704.14,Gastador
9055.26,4215.09,4840.17,Equilibrado
2560.81,1298.8,1262.01,Equilibrado
12307.92,9033.75,3274.17,Equilibrado
11037.42,10667.36,370.06,Equilibrado
11140.17,3780.86,7359.31,Econômico
13580.02,13741.61,-161.58,Gastador
8606.44,5010.49,3595.94,Equilibrado
3653.85,1978.87,1674.99,Equilibrado
3958.59,2493.55,1465.04,Equilibrado
11209.22,8145.25,3063.97,Equilibrado
2474.68,2586.14,-111.46,Gastador
7244.16,1834.56,5409.6,Econômico
11290.98,15475.96,-4184.98,Gastador
13816.91,3940.85,9876.05,Econômico
3276.16,3254.62,21.54,Equilibrado
4837.62,2281.11,2556.51,Equilibrado
9504.84,197.3,9307.54,Econômico
10365.94,9000.5,1365.45,Equilibrado
7626.16,5909.37,1716.79,Equilibrado
4857.64,4339.72,517.92,Equilibrado
1995.06,1325.28,669.79,Equilibrado
12376.55,11678.2,698.35,Equilibrado
5141.62,5020.99,120.63,Equilibrado
3148.48,3030.78,117.7,Equilibrado
2061.23,1372.37,688.86,Equilibrado
8460.55,10188.3,-1727.75,Gastador
5657.05,1825.78,3831.28,Econômico
2767.66,624.31,2143.35,Econômico
10850.45,3555.28,7295.17,Econômico
9203.23,6734.33,2468.9,Equilibrado
6817.17,2981.14,3836.03,Equilibrado
2150.86,1377.3,773.57,Equilibrado
9154.72,7361.7,1793.02,Equilibrado
10512.51,7613.09,2899.42,Equilibrado
12540.76,13818.46,-1277.69,Gastador
6447.23,8268.99,-1821.75,Gastador
4706.85,2322.33,2384.52,Equilibrado
10520.87,1944.82,8576.06,Econômico
8507.6,5248.2,3259.41,Equilibrado
6884.11,3284.29,3599.82,Equilibrado
12475.31,7101.42,5373.89,Equilibrado
14114.89,8375.79,5739.1,Equilibrado
5345.78,6151.23,-805.44,Gastador
9739.51,2584.22,7155.29,Econômico
3945.52,1304.63,2640.89,Econômico
2942.84,2377.32,565.51,Equilibrado
10047.54,7881.65,2165.89,Equilibrado
4579.08,5745.72,-1166.65,Gastador
13650.31,13168.88,481.43,Equilibrado
12605.29,9332.27,3273.02,Equilibrado
7598.86,5209.52,2389.34,Equilibrado
4425.99,2254.72,2171.27,Equilibrado
8880.42,3388.32,5492.09,Econômico
14835.1,5915.6,8919.5,Econômico
11187.57,11696.47,-508.9,Gastador
5201.17,3984.76,1216.41,Equilibrado
6292.45,4116.07,2176.38,Equilibrado
4655.11,3108.6,1546.51,Equilibrado
5878.51,4606.33,1272.18,Equilibrado
7780.28,8096.0,-315.73,Gastador
10815.07,11422.04,-606.98,Gastador
11708.2,5895.99,5812.21,Equilibrado
4667.67,4161.71,505.95,Equilibrado
8532.93,7679.17,853.77,Equilibrado
12651.91,12769.33,-117.42,Gastador
2683.18,3053.11,-369.94,Gastador
7537.23,5042.51,2494.72,Equilibrado
14894.13,10955.02,3939.11,Equilibrado
13352.65,7616.22,5736.43,Equilibrado
2592.41,1985.73,606.68,Equilibrado
14670.74,7736.61,6934.12,Equilibrado
13957.22,6621.82,7335.4,Equilibrado
8284.64,8321.05,-36.4,Gastador
1848.46,783.58,1064.88,Equilibrado
7338.72,10886.28,-3547.56,Gastador
10151.16,4785.34,5365.81,Equilibrado
2328.22,2806.0,-477.78,Gastador
2280.04,2103.31,176.73,Equilibrado
2340.94,2741.12,-400.18,Gastador
8615.06,11299.65,-2684.59,Gastador
7090.75,3314.0,3776.75,Equilibrado
7118.08,7795.19,-677.11,Gastador
4405.23,5053.43,-648.21,Gastador
7634.09,5717.45,1916.64,Equilibrado
5883.13,7657.58,-1774.45,Gastador
7702.53,6360.81,1341.72,Equilibrado
7407.64,7625.45,-217.81,Gastador
10401.28,6911.42,3489.86,Equilibrado
8498.51,9188.33,-689.82,Gastador
2062.58,2482.27,-419.68,Gastador
1663.46,1740.87,-77.4,Gastador
6220.99,8022.5,-1801.51,Gastador
2828.34,3155.43,-327.09,Gastador
2609.32,1885.96,723.36,Equilibrado
6656.19,2963.5,3692.68,Equilibrado
10192.71,6602.92,3589.79,Equilibrado
9625.4,7637.17,1988.23,Equilibrado
3229.29,3863.14,-633.84,Gastador
9774.68,6848.17,2926.51,Equilibrado
10218.45,11474.96,-1256.51,Gastador
13905.51,16372.93,-2467.42,Gastador
11334.62,7152.25,4182.37,Equilibrado
14793.04,11057.48,3735.56,Equilibrado
4382.4,4557.82,-175.41,Gastador
9469.69,1574.24,7895.46,Econômico
13289.86,11846.18,1443.68,Equilibrado
1625.98,1957.27,-331.29,Gastador
6920.17,2975.75,3944.42,Equilibrado
9815.8,9458.02,357.78,Equilibrado
1570.6,569.27,1001.33,Econômico
5913.58,5181.65,731.93,Equilibrado
6472.18,7838.02,-1365.84,Gastador
6785.6,8643.18,-1857.58,Gastador
6299.16,1143.73,5155.43,Econômico
9329.78,6951.13,2378.65,Equilibrado
12367.35,13598.1,-1230.75,Gastador
2290.44,2705.64,-415.21,Gastador
8483.13,3694.16,4788.98,Equilibrado
2696.11,2230.61,465.5,Equilibrado
10088.39,9760.88,327.52,Equilibrado
6681.74,5803.92,877.83,Equilibrado
6015.9,4852.82,1163.08,Equilibrado
14199.17,1558.34,12640.83,Econômico
4012.37,4308.39,-296.02,Gastador
2588.12,1567.08,1021.04,Equilibrado
11643.56,4971.93,6671.63,Equilibrado
4834.21,4634.63,199.58,Equilibrado
7571.49,3521.26,4050.23,Equilibrado
2345.82,1151.43,1194.39,Equilibrado
6189.13,2340.31,3848.82,Econômico
2205.48,1454.96,750.52,Equilibrado
4963.16,1955.74,3007.42,Econômico
14622.07,7815.94,6806.13,Equilibrado
4541.78,2723.89,1817.89,Equilibrado
3049.38,3359.42,-310.04,Gastador
8837.77,9916.13,-1078.36,Gastador
14266.92,3525.9,10741.03,Econômico
8863.33,8707.1,156.23,Equilibrado
2201.41,911.02,1290.39,Equilibrado
5957.9,2479.17,3478.73,Equilibrado
13374.36,6812.5,6561.85,Equilibrado
11922.17,11858.27,63.9,Equilibrado
2923.89,2567.07,356.82,Equilibrado
14520.43,17738.89,-3218.45,Gastador
9297.51,8394.06,903.45,Equilibrado
8695.89,9770.35,-1074.46,Gastador
13071.92,7101.41,5970.51,Equilibrado
4227.21,1512.3,2714.91,Econômico
2626.77,1934.15,692.62,Equilibrado
7139.77,2336.16,4803.61,Econômico
3690.15,3097.41,592.74,Equilibrado
13518.48,12303.94,1214.54,Equilibrado
12557.36,13349.28,-791.92,Gastador
12592.1,2524.22,10067.88,Econômico
6025.31,6829.32,-804.01,Gastador
4738.3,4417.67,320.63,Equilibrado
10290.49,1370.44,8920.05,Econômico
14717.92,5772.22,8945.7,Econômico
10765.42,5323.54,5441.87,Equilibrado
10178.91,3752.44,6426.47,Econômico
1948.06,2559.12,-611.07,Gastador
11841.87,7556.75,4285.13,Equilibrado
10554.89,4335.77,6219.11,Equilibrado
13171.61,14597.3,-1425.69,Gastador
13894.03,11903.93,1990.11,Equilibrado
11678.49,13942.12,-2263.63,Gastador
5300.54,4929.27,371.27,Equilibrado
2803.22,1555.86,1247.35,Equilibrado
9577.83,3965.54,5612.29,Equilibrado
13689.08,4011.57,9677.51,Econômico
4001.96,3843.56,158.4,Equilibrado
9367.89,4965.34,4402.55,Equilibrado
12723.54,12271.9,451.64,Equilibrado
13366.22,19706.6,-6340.38,Gastador
7367.05,5155.56,2211.49,Equilibrado
9695.71,4245.34,5450.37,Equilibrado
8416.91,8524.02,-107.11,Gastador
14332.17,1080.06,13252.1,Econômico
2457.58,2986.23,-528.65,Gastador
3390.33,1196.54,2193.79,Econômico
5289.22,4161.18,1128.04,Equilibrado
4457.43,3766.9,690.53,Equilibrado
9222.66,3923.25,5299.41,Equilibrado
2675.75,2121.82,553.93,Equilibrado
13302.0,8180.64,5121.37,Equilibrado
7194.68,3453.05,3741.63,Equilibrado
5676.53,4807.92,868.61,Equilibrado
3045.58,3981.46,-935.88,Gastador
7155.8,2910.74,4245.05,Equilibrado
10662.04,7772.95,2889.09,Equilibrado
13829.37,8993.97,4835.4,Equilibrado
13683.12,16800.38,-3117.26,Gastador
7197.46,1979.36,5218.1,Econômico
3160.54,1055.56,2104.98,Econômico
12915.66,2464.84,10450.82,Econômico
5635.23,1464.43,4170.8,Econômico
13077.09,16593.28,-3516.19,Gastador
6510.83,2090.54,4420.29,Econômico
3752.61,4702.97,-950.36,Gastador
10218.6,8112.91,2105.69,Equilibrado
5701.44,6954.13,-1252.69,Gastador
14838.49,18379.3,-3540.81,Gastador
1871.75,1675.4,196.34,Equilibrado
1917.9,1796.69,121.22,Equilibrado
13651.12,15400.79,-1749.67,Gastador
9639.73,8152.37,1487.36,Equilibrado
6095.23,5003.16,1092.07,Equilibrado
11785.67,12145.35,-359.68,Gastador
4127.42,4176.98,-49.56,Gastador
9029.07,7495.82,1533.25,Equilibrado
9954.16,7323.27,2630.9,Equilibrado
9878.92,10863.59,-984.67,Gastador
8830.83,5694.09,3136.74,Equilibrado
3263.81,3507.76,-243.96,Gastador
13340.72,9106.26,4234.46,Equilibrado
8026.0,8188.29,-162.29,Gastador
4243.51,4204.08,39.44,Equilibrado
9293.27,6081.81,3211.45,Equilibrado
9242.64,10003.44,-760.8,Gastador
13426.77,12261.44,1165.33,Equilibrado
11256.54,8520.57,2735.97,Equilibrado
12359.9,3961.39,8398.51,Econômico
1693.26,1269.09,424.16,Equilibrado
11671.28,7473.87,4197.41,Equilibrado
9783.66,11324.77,-1541.12,Gastador
6995.94,6937.21,58.73,Equilibrado
14293.79,9272.04,5021.75,Equilibrado
2537.64,1871.16,666.48,Equilibrado
2484.17,3070.79,-586.61,Gastador
12347.02,4154.03,8192.99,Econômico
7931.9,5313.27,2618.63,Equilibrado
6330.49,4460.35,1870.14,Equilibrado
2468.97,643.12,1825.86,Econômico
12353.44,5401.77,6951.67,Equilibrado
5164.03,1006.14,4157.88,Econômico
2233.48,621.86,1611.62,Econômico
2132.5,2657.75,-525.25,Gastador
1551.57,1844.32,-292.75,Gastador
6363.16,6827.58,-464.42,Gastador
13540.27,13589.88,-49.6,Gastador
2705.41,875.37,1830.04,Econômico
11002.07,7579.15,3422.92,Equilibrado
14335.43,3380.16,10955.27,Econômico
10196.01,8638.18,1557.84,Equilibrado
7341.84,2491.35,4850.49,Econômico
2206.79,693.01,1513.78,Econômico
4361.92,1096.06,3265.86,Econômico
10650.48,1722.57,8927.9,Econômico
11471.07,15232.02,-3760.95,Gastador
4189.41,2084.83,2104.58,Equilibrado
3005.41,593.86,2411.55,Econômico
6617.77,6649.61,-31.84,Gastador
8667.66,6266.33,2401.33,Equilibrado
8506.94,1734.33,6772.61,Econômico
8537.5,5339.47,3198.03,Equilibrado
5459.67,2314.62,3145.05,Equilibrado
1518.27,1998.57,-480.29,Gastador
1818.53,1328.51,490.02,Equilibrado
6873.07,4689.65,2183.42,Equilibrado
8035.04,2767.83,5267.21,Econômico
14226.78,12517.86,1708.91,Equilibrado
4542.65,3323.7,1218.95,Equilibrado
9307.03,8830.57,476.46,Equilibrado
10600.76,9796.86,803.9,Equilibrado
7844.84,5297.01,2547.83,Equilibrado
1605.86,1702.73,-96.87,Gastador
10674.87,6234.3,4440.57,Equilibrado
8878.79,9340.96,-462.17,Gastador
12889.27,7108.25,5781.02,Equilibrado
14468.46,18806.54,-4338.07,Gastador
9513.07,7897.84,1615.23,Equilibrado
12200.03,7872.39,4327.64,Equilibrado
3682.56,3893.91,-211.34,Gastador
10499.11,6357.5,4141.6,Equilibrado
1663.39,1134.99,528.4,Equilibrado
10063.91,4742.03,5321.88,Equilibrado
2787.89,1721.57,1066.32,Equilibrado
3099.79,1315.47,1784.32,Equilibrado
2106.3,2390.95,-284.64,Gastador
13898.76,1354.51,12544.25,Econômico
9115.0,12149.77,-3034.77,Gastador
13896.23,14643.63,-747.41,Gastador
1986.25,1720.0,266.25,Equilibrado
9351.9,13215.28,-3863.38,Gastador
5313.7,5472.03,-158.33,Gastador
7162.55,2705.85,4456.69,Econômico
9480.26,8728.73,751.53,Equilibrado
2460.64,1240.7,1219.94,Equilibrado
10337.78,4005.53,6332.25,Econômico
7240.58,6666.39,574.19,Equilibrado
7123.64,5940.36,1183.28,Equilibrado
4610.62,1362.38,3248.24,Econômico
12953.74,9260.12,3693.62,Equilibrado
12526.52,2993.83,9532.69,Econômico
14795.59,5292.95,9502.64,Econômico
2559.15,1004.22,1554.93,Econômico
9380.93,12339.03,-2958.09,Gastador
11746.57,5893.38,5853.19,Equilibrado
14094.49,10849.76,3244.73,Equilibrado
10877.04,8833.34,2043.69,Equilibrado
4135.75,834.07,3301.68,Econômico
14285.72,17957.95,-3672.22,Gastador
11414.99,7417.31,3997.68,Equilibrado
11015.76,8131.17,2884.59,Equilibrado
8314.74,6945.51,1369.23,Equilibrado
8961.55,8671.07,290.47,Equilibrado
13264.09,8929.68,4334.41,Equilibrado
9218.57,9675.62,-457.04,Gastador
5383.04,2625.9,2757.14,Equilibrado
11391.44,4455.45,6935.98,Econômico
5988.16,948.74,5039.42,Econômico
10564.97,8600.24,1964.73,Equilibrado
2868.53,1300.69,1567.84,Equilibrado
2411.28,656.3,1754.98,Econômico
11011.48,9054.41,1957.07,Equilibrado
4271.99,1898.37,2373.63,Equilibrado
14575.25,6616.1,7959.16,Equilibrado
9587.1,11459.6,-1872.5,Gastador
14527.71,9694.55,4833.16,Equilibrado
5724.25,4287.94,1436.31,Equilibrado
2929.73,2604.02,325.71,Equilibrado
10965.38,9808.71,1156.68,Equilibrado
4916.87,3784.22,1132.65,Equilibrado
4045.3,3604.81,440.49,Equilibrado
11603.19,14145.34,-2542.15,Gastador
11266.55,3135.71,8130.83,Econômico
4767.3,4696.76,70.54,Equilibrado
4853.08,5620.68,-767.6,Gastador
7695.7,1678.71,6016.99,Econômico
14345.12,12482.54,1862.58,Equilibrado
8847.43,4731.77,4115.66,Equilibrado
8539.56,6400.48,2139.09,Equilibrado
8767.48,4257.59,4509.89,Equilibrado
12129.72,13498.12,-1368.4,Gastador
7272.62,5736.03,1536.59,Equilibrado
12634.03,11596.41,1037.62,Equilibrado
8285.52,4420.07,3865.45,Equilibrado
11819.95,13510.45,-1690.5,Gastador
3666.25,2994.26,671.98,Equilibrado
12490.7,6347.96,6142.73,Equilibrado
4874.42,6364.17,-1489.76,Gastador
12685.5,9462.23,3223.27,Equilibrado
5911.02,2926.88,2984.15,Equilibrado
2884.67,2027.65,857.01,Equilibrado
13094.03,16291.53,-3197.51,Gastador
7429.34,4958.21,2471.13,Equilibrado
10868.32,4693.1,6175.22,Equilibrado
2627.98,3344.71,-716.73,Gastador
4501.88,3693.49,808.39,Equilibrado
6778.94,4401.52,2377.42,Equilibrado
7290.75,6941.0,349.75,Equilibrado
8251.52,7643.39,608.13,Equilibrado
3057.83,3274.17,-216.35,Gastador
10842.99,3526.03,7316.96,Econômico
8355.37,5791.61,2563.76,Equilibrado
9983.76,4421.59,5562.17,Equilibrado
12588.74,18298.31,-5709.57,Gastador
7592.47,7210.9,381.57,Equilibrado
12347.76,10054.95,2292.81,Equilibrado
14568.89,16651.25,-2082.37,Gastador
12351.5,14030.26,-1678.77,Gastador
6529.2,4705.8,1823.4,Equilibrado
10365.85,1339.18,9026.67,Econômico
12360.68,16201.78,-3841.1,Gastador
9380.13,5415.2,3964.94,Equilibrado
3394.38,1946.94,1447.44,Equilibrado
4132.17,3458.91,673.26,Equilibrado
9561.6,7243.38,2318.21,Equilibrado
3612.44,4458.94,-846.51,Gastador
5736.66,6204.01,-467.35,Gastador
8345.31,2246.55,6098.75,Econômico
12594.72,10209.94,2384.78,Equilibrado
5064.84,6668.04,-1603.2,Gastador
4077.51,3682.46,395.05,Equilibrado
10436.58,2196.21,8240.38,Econômico
2693.2,3267.37,-574.17,Gastador
5004.28,1019.21,3985.07,Econômico
2026.22,1423.86,602.36,Equilibrado
5891.42,4735.67,1155.76,Equilibrado
2407.95,1739.56,668.39,Equilibrado
14967.98,14063.91,904.07,Equilibrado
1802.75,917.69,885.06,Equilibrado
10333.62,7963.52,2370.1,Equilibrado
12801.11,5939.48,6861.64,Equilibrado
9423.64,5588.36,3835.28,Equilibrado
4589.82,2315.43,2274.39,Equilibrado
14941.02,13218.63,1722.39,Equilibrado
2220.2,2791.64,-571.44,Gastador
14212.84,16388.12,-2175.28,Gastador
10256.63,6785.7,3470.93,Equilibrado
3921.31,1090.1,2831.21,Econômico
3791.33,3424.37,366.96,Equilibrado
14472.42,1468.92,13003.5,Econômico
9230.2,8447.77,782.43,Equilibrado
6291.48,3379.3,2912.18,Equilibrado
13419.35,3723.68,9695.67,Econômico
4154.82,1670.54,2484.28,Equilibrado
12939.74,12020.93,918.81,Equilibrado
12529.15,11297.45,1231.7,Equilibrado
4596.44,3903.01,693.42,Equilibrado
3488.22,4283.76,-795.54,Gastador
5904.43,4475.99,1428.44,Equilibrado
6296.82,4778.12,1518.7,Equilibrado
13172.9,11211.37,1961.53,Equilibrado
9106.01,3893.52,5212.49,Equilibrado
3445.06,1506.81,1938.26,Equilibrado
7704.38,3722.05,3982.34,Equilibrado
9252.88,599.87,8653.01,Econômico
8763.31,10476.89,-1713.58,Gastador
11512.16,3841.31,7670.85,Econômico
13107.23,11721.65,1385.58,Equilibrado
3201.03,167.13,3033.89,Econômico
10204.06,14807.0,-4602.93,Gastador
3406.52,3832.49,-425.97,Gastador
3968.31,1587.11,2381.2,Econômico
9212.02,3793.06,5418.96,Equilibrado
2674.73,1311.41,1363.32,Equilibrado
10582.32,8101.59,2480.73,Equilibrado
5053.84,2916.56,2137.28,Equilibrado
11628.59,16236.49,-4607.9,Gastador
8062.76,6246.62,1816.14,Equilibrado
7818.93,5518.46,2300.47,Equilibrado
7304.8,4245.96,3058.84,Equilibrado
1911.26,1147.28,763.98,Equilibrado
13793.18,2824.99,10968.19,Econômico
8940.66,7482.45,1458.21,Equilibrado
7562.02,5749.88,1812.14,Equilibrado
3842.2,2290.39,1551.81,Equilibrado
3194.07,2763.48,430.59,Equilibrado
14043.45,5272.05,8771.41,Econômico
4664.75,4351.99,312.76,Equilibrado
9754.76,5664.52,4090.24,Equilibrado
13445.54,12468.05,977.5,Equilibrado
1638.84,452.87,1185.97,Econômico
5710.37,6348.59,-638.22,Gastador
6135.72,2208.97,3926.75,Econômico
2746.87,2883.1,-136.23,Gastador
7530.65,6683.94,846.7,Equilibrado
11640.89,1673.73,9967.17,Econômico
11720.15,12746.17,-1026.02,Gastador
13441.92,15959.04,-2517.12,Gastador
5167.05,5459.9,-292.85,Gastador
12717.81,4664.01,8053.81,Econômico
8153.06,11218.13,-3065.07,Gastador
3073.87,3745.62,-671.75,Gastador
10391.93,8994.38,1397.55,Equilibrado
13628.22,12776.6,851.61,Equilibrado
9287.57,4864.73,4422.84,Equilibrado
10392.69,7846.55,2546.13,Equilibrado
14778.16,4816.21,9961.95,Econômico
10842.15,3458.93,7383.22,Econômico
9298.03,10538.2,-1240.17,Gastador
6236.06,7211.07,-975.01,Gastador
2643.29,3649.34,-1006.05,Gastador
6643.38,5021.71,1621.67,Equilibrado
5594.36,3808.29,1786.07,Equilibrado
7920.55,3679.24,4241.31,Equilibrado
9089.55,5448.61,3640.94,Equilibrado
9772.74,6528.52,3244.23,Equilibrado
8933.96,9947.32,-1013.36,Gastador
6541.68,4535.51,2006.18,Equilibrado
10623.61,5578.33,5045.28,Equilibrado
3616.97,1594.05,2022.92,Equilibrado
4623.64,5212.38,-588.74,Gastador
13463.45,9927.99,3535.46,Equilibrado
8672.47,1870.68,6801.79,Econômico
3476.89,1699.94,1776.95,Equilibrado
6617.05,4034.58,2582.47,Equilibrado
8440.29,11511.93,-3071.64,Gastador
5171.98,3145.72,2026.26,Equilibrado
10559.76,12413.01,-1853.25,Gastador
1847.89,1614.02,233.87,Equilibrado
14170.15,16997.05,-2826.9,Gastador
8877.19,4009.14,4868.05,Equilibrado
11723.32,6415.13,5308.19,Equilibrado
9633.07,7643.53,1989.53,Equilibrado
14658.32,11634.99,3023.34,Equilibrado
7164.97,551.78,6613.19,Econômico
1652.58,544.38,1108.2,Econômico
6868.74,4402.05,2466.69,Equilibrado
5165.14,2496.02,2669.12,Equilibrado
7252.64,5368.19,1884.44,Equilibrado
12533.62,5064.71,7468.91,Equilibrado
8149.23,6922.11,1227.11,Equilibrado
3678.46,613.8,3064.66,Econômico
3514.87,4363.95,-849.08,Gastador
2265.19,190.08,2075.11,Econômico
10160.31,8173.83,1986.48,Equilibrado
4747.18,1882.18,2865.0,Econômico
6859.39,8166.21,-1306.82,Gastador
5153.69,4721.23,432.46,Equilibrado
13192.37,6875.56,6316.81,Equilibrado
7271.07,2339.56,4931.5,Econômico
14114.85,10537.29,3577.55,Equilibrado
1718.71,1532.06,186.64,Equilibrado
13185.09,4410.78,8774.31,Econômico
10632.53,5223.25,5409.28,Equilibrado
7292.34,8538.9,-1246.56,Gastador
4649.99,5378.55,-728.56,Gastador
3268.15,3806.37,-538.23,Gastador
14039.6,15779.86,-1740.26,Gastador
4990.99,5403.72,-412.74,Gastador
3857.74,4273.56,-415.83,Gastador
13520.19,10391.07,3129.12,Equilibrado
2713.34,3136.31,-422.97,Gastador
3434.3,2112.25,1322.05,Equilibrado
13653.57,1219.9,12433.66,Econômico
5493.63,6810.36,-1316.73,Gastador
10055.11,2986.95,7068.15,Econômico
6126.87,1909.76,4217.11,Econômico
6927.37,7104.34,-176.97,Gastador
11113.85,5964.52,5149.33,Equilibrado
9137.56,6943.75,2193.81,Equilibrado
9696.33,5601.42,4094.91,Equilibrado
2804.71,1952.23,852.47,Equilibrado
13293.85,6842.71,6451.14,Equilibrado
5627.54,3064.52,2563.02,Equilibrado
3298.33,3207.78,90.55,Equilibrado
10958.26,4674.11,6284.14,Equilibrado
9858.83,5401.13,4457.7,Equilibrado
4149.32,503.03,3646.29,Econômico
2661.43,1331.65,1329.79,Equilibrado
4655.5,809.55,3845.95,Econômico
5654.91,2203.83,3451.08,Econômico
10153.03,7551.59,2601.44,Equilibrado
6341.39,5016.92,1324.47,Equilibrado
6845.15,8950.05,-2104.9,Gastador
3126.04,2642.42,483.62,Equilibrado
6080.62,2132.63,3948.0,Econômico
7598.48,7503.27,95.21,Equilibrado
7100.15,9435.46,-2335.31,Gastador
2329.52,1917.26,412.26,Equilibrado
9624.39,791.59,8832.81,Econômico
6788.52,7430.7,-642.17,Gastador
8956.94,8347.87,609.07,Equilibrado
12340.66,5858.62,6482.04,Equilibrado
6850.22,4363.58,2486.64,Equilibrado
9541.68,5045.72,4495.96,Equilibrado
7937.32,7210.03,727.3,Equilibrado
14201.88,13247.57,954.31,Equilibrado
14332.19,18365.61,-4033.42,Gastador
7438.05,8267.46,-829.41,Gastador
13682.44,10878.02,2804.43,Equilibrado
12576.58,11448.8,1127.79,Equilibrado
8988.27,6384.95,2603.33,Equilibrado
7090.9,2922.34,4168.56,Equilibrado
9946.29,6327.2,3619.09,Equilibrado
4561.43,4241.04,320.39,Equilibrado
3990.2,2620.36,1369.84,Equilibrado
8408.05,3775.61,4632.44,Equilibrado
8326.91,5003.33,3323.58,Equilibrado
13353.45,6366.44,6987.01,Equilibrado
2115.4,939.53,1175.87,Equilibrado
3793.48,3590.56,202.91,Equilibrado
6334.89,2203.71,4131.18,Econômico
6658.88,3353.49,3305.39,Equilibrado
8110.2,8480.68,-370.49,Gastador
5757.41,5642.79,114.63,Equilibrado
12266.44,14076.71,-1810.27,Gastador
2481.92,3313.73,-831.81,Gastador
13303.15,6015.61,7287.54,Equilibrado
14705.98,15263.19,-557.21,Gastador
7170.15,6941.17,228.98,Equilibrado
2304.83,928.62,1376.21,Equilibrado
6936.98,5500.52,1436.46,Equilibrado
6846.01,6618.5,227.51,Equilibrado
7148.26,9949.16,-2800.91,Gastador
7868.49,6673.61,1194.87,Equilibrado
1840.19,2187.32,-347.13,Gastador
10881.87,10830.68,51.19,Equilibrado
8090.4,6643.98,1446.42,Equilibrado
8435.06,1633.98,6801.08,Econômico
9395.18,4563.61,4831.56,Equilibrado
6999.43,6835.25,164.19,Equilibrado
13132.48,12306.36,826.12,Equilibrado
7300.59,5727.29,1573.3,Equilibrado
5128.77,4063.6,1065.17,Equilibrado
9437.89,12920.15,-3482.26,Gastador
3819.7,1021.52,2798.18,Econômico
12460.19,10718.19,1742.0,Equilibrado
3576.08,1694.13,1881.95,Equilibrado
10667.4,2774.44,7892.96,Econômico
4619.59,2530.88,2088.71,Equilibrado
13098.01,15352.1,-2254.09,Gastador
11760.07,4386.75,7373.32,Econômico
12055.53,13301.62,-1246.09,Gastador
11345.68,7468.93,3876.76,Equilibrado
7270.8,3636.22,3634.58,Equilibrado
5133.68,4714.25,419.43,Equilibrado
11642.27,10172.32,1469.95,Equilibrado
6585.13,5654.01,931.12,Equilibrado
4855.29,2228.02,2627.27,Equilibrado
13092.42,12829.42,263.01,Equilibrado
14257.82,12314.5,1943.32,Equilibrado
8392.7,594.73,7797.97,Econômico
3353.55,1056.86,2296.69,Econômico
12461.27,2761.92,9699.36,Econômico
11018.05,11040.99,-22.94,Gastador
3779.59,3836.09,-56.5,Gastador
6675.86,7346.57,-670.71,Gastador
11225.18,13962.95,-2737.76,Gastador
12699.1,12191.62,507.48,Equilibrado
13370.27,14259.92,-889.64,Gastador
2137.16,560.9,1576.25,Econômico
4858.69,4130.48,728.21,Equilibrado
3379.93,1426.24,1953.69,Equilibrado
6322.1,3310.43,3011.67,Equilibrado
8354.73,6076.78,2277.95,Equilibrado
7104.47,8258.96,-1154.49,Gastador
10258.09,11535.94,-1277.86,Gastador
14942.42,12834.83,2107.58,Equilibrado
4257.27,4739.48,-482.21,Gastador
2412.66,2229.81,182.85,Equilibrado
8417.3,5014.64,3402.66,Equilibrado
2993.15,921.76,2071.39,Econômico
6106.8,3560.23,2546.57,Equilibrado
13191.48,15996.03,-2804.55,Gastador
8023.63,2607.91,5415.73,Econômico
13076.66,13047.4,29.26,Equilibrado
6946.99,7487.69,-540.69,Gastador
1508.07,974.2,533.87,Equilibrado
4026.18,614.34,3411.83,Econômico
13324.72,6858.78,6465.94,Equilibrado
14370.94,11561.55,2809.39,Equilibrado
3717.87,2066.87,1651.0,Equilibrado
2452.23,1193.68,1258.56,Equilibrado
4833.98,3037.14,1796.83,Equilibrado
8409.04,5398.59,3010.45,Equilibrado
6590.23,9507.69,-2917.46,Gastador
3762.15,5057.73,-1295.58,Gastador
10214.71,11860.68,-1645.97,Gastador
7082.47,4743.48,2338.99,Equilibrado
14295.03,14592.27,-297.25,Gastador
6651.82,2033.2,4618.63,Econômico
3471.28,2097.03,1374.25,Equilibrado
6019.65,8031.13,-2011.48,Gastador
9552.31,3410.89,6141.41,Econômico
4706.02,6208.45,-1502.42,Gastador
6393.78,2992.37,3401.4,Equilibrado
3932.14,5114.67,-1182.53,Gastador
5767.37,5572.28,195.09,Equilibrado
2587.84,2240.74,347.1,Equilibrado
1581.64,673.49,908.14,Equilibrado
3682.88,1678.81,2004.07,Equilibrado
8716.55,6419.46,2297.09,Equilibrado
6523.11,1873.55,4649.56,Econômico
9565.29,11731.1,-2165.8,Gastador
13909.31,7131.04,6778.27,Equilibrado
11789.36,4152.17,7637.19,Econômico
6403.95,5789.32,614.63,Equilibrado
6833.22,6084.01,749.21,Equilibrado
11611.0,15736.31,-4125.31,Gastador
8866.9,7540.01,1326.89,Equilibrado
4416.42,2554.64,1861.79,Equilibrado
8588.17,2341.6,6246.57,Econômico
4280.73,3729.43,551.3,Equilibrado
11329.57,10663.96,665.61,Equilibrado
9243.1,12357.7,-3114.59,Gastador
3111.64,3547.63,-435.99,Gastador
7891.38,3246.93,4644.45,Equilibrado
11986.78,6651.79,5334.99,Equilibrado
11039.16,11871.72,-832.56,Gastador
2060.21,2842.67,-782.46,Gastador
7377.85,4164.4,3213.45,Equilibrado
11302.15,9754.8,1547.34,Equilibrado
9607.87,9566.15,41.72,Equilibrado
11323.02,8341.32,2981.7,Equilibrado
10500.26,7265.15,3235.11,Equilibrado
6014.97,1742.5,4272.48,Econômico
2647.04,3444.5,-797.45,Gastador
9035.31,8605.8,429.52,Equilibrado
5926.43,1874.04,4052.4,Econômico
2652.94,938.84,1714.1,Econômico
8027.22,8000.04,27.18,Equilibrado
8316.3,7360.53,955.78,Equilibrado
1992.22,1119.89,872.33,Equilibrado
5042.51,2966.3,2076.21,Equilibrado
9207.25,7307.53,1899.72,Equilibrado
2843.18,1643.31,1199.86,Equilibrado
5350.28,6844.44,-1494.17,Gastador
5305.9,81.41,5224.49,Econômico
8876.5,4504.61,4371.88,Equilibrado
8449.02,2825.19,5623.83,Econômico
10722.04,5244.79,5477.25,Equilibrado
11845.69,8490.01,3355.68,Equilibrado
9917.32,12109.59,-2192.27,Gastador
11765.4,10019.22,1746.18,Equilibrado
7901.13,5582.49,2318.65,Equilibrado
7825.52,6799.99,1025.53,Equilibrado
7244.33,2576.11,4668.22,Econômico
2670.54,1987.96,682.58,Equilibrado
3304.89,4081.15,-776.25,Gastador
5220.15,4377.75,842.4,Equilibrado
4264.83,4200.64,64.19,Equilibrado
5317.33,2539.06,2778.27,Equilibrado
13238.7,4645.52,8593.18,Econômico
9710.85,7508.54,2202.31,Equilibrado
5549.05,5927.47,-378.42,Gastador
2274.79,399.22,1875.57,Econômico
10964.82,11637.18,-672.36,Gastador
10428.13,7370.94,3057.19,Equilibrado
8276.26,4752.08,3524.18,Equilibrado
13168.94,16109.52,-2940.58,Gastador
2623.51,1208.4,1415.11,Equilibrado
7131.72,4197.5,2934.22,Equilibrado
2237.24,1395.02,842.22,Equilibrado
13081.08,8173.03,4908.05,Equilibrado
12030.65,3577.92,8452.73,Econômico
14188.98,4876.32,9312.66,Econômico
11080.56,10849.07,231.49,Equilibrado
2031.39,2187.55,-156.17,Gastador
1865.94,1465.47,400.47,Equilibrado
7939.28,8285.98,-346.7,Gastador
9803.44,8193.19,1610.25,Equilibrado
5266.61,3354.8,1911.81,Equilibrado
7434.1,7844.01,-409.91,Gastador
5593.47,2417.77,3175.7,Equilibrado
13779.54,11776.5,2003.03,Equilibrado
4978.03,3315.3,1662.73,Equilibrado
8765.97,394.59,8371.39,Econômico
13019.78,16056.75,-3036.96,Gastador
10882.1,8976.29,1905.8,Equilibrado
11924.05,11999.02,-74.97,Gastador
12054.03,13278.81,-1224.78,Gastador
12434.71,9154.92,3279.79,Equilibrado
1622.67,856.67,766.0,Equilibrado
9184.29,3994.12,5190.17,Equilibrado
2748.07,1814.08,933.99,Equilibrado
14550.91,13147.03,1403.88,Equilibrado
14549.4,4379.36,10170.04,Econômico
5191.91,2744.68,2447.23,Equilibrado
8128.77,4229.78,3898.99,Equilibrado
7050.03,2685.43,4364.6,Econômico
10697.31,10754.08,-56.77,Gastador
2365.28,2501.39,-136.11,Gastador
1909.78,2503.77,-593.99,Gastador
14369.65,12426.26,1943.39,Equilibrado
8854.81,6163.19,2691.63,Equilibrado
7050.45,4773.0,2277.45,Equilibrado
14682.16,7675.75,7006.41,Equilibrado
5778.21,3310.86,2467.35,Equilibrado
12905.67,14367.85,-1462.19,Gastador
10971.13,15242.41,-4271.28,Gastador
11844.31,7522.33,4321.99,Equilibrado
11314.75,8006.71,3308.04,Equilibrado
3610.89,5081.63,-1470.75,Gastador
6005.98,5036.82,969.16,Equilibrado
8503.1,8517.78,-14.68,Gastador
3953.81,2219.11,1734.7,Equilibrado
3299.34,1295.94,2003.4,Econômico
11974.34,12562.92,-588.57,Gastador
12763.38,12853.98,-90.6,Gastador
1964.09,2361.95,-397.86,Gastador
8863.28,2662.59,6200.68,Econômico
2908.23,2614.17,294.05,Equilibrado
2940.61,2850.71,89.9,Equilibrado
2516.26,2319.03,197.23,Equilibrado
14230.27,6192.33,8037.93,Equilibrado
11434.93,7523.86,3911.06,Equilibrado
5268.26,4117.67,1150.59,Equilibrado
14670.63,11032.56,3638.07,Equilibrado
14763.51,7388.26,7375.26,Equilibrado
12656.27,3536.66,9119.61,Econômico
7831.84,5037.67,2794.17,Equilibrado
2391.75,1591.62,800.13,Equilibrado
10713.91,8783.63,1930.28,Equilibrado
3190.89,1986.13,1204.76,Equilibrado
13526.23,13670.97,-144.74,Gastador
12587.0,14169.52,-1582.51,Gastador
4782.93,1349.87,3433.05,Econômico
12576.85,5198.76,7378.09,Equilibrado
2733.27,1425.49,1307.78,Equilibrado
3987.36,3893.56,93.8,Equilibrado
2161.56,2118.35,43.21,Equilibrado
